well_id,source_well_id,api_number,well_name,operator,field,latitude,longitude,total_depth,tvd,spud_date,source
45fbff1a-7f37-4f35-bdd9-04d90de1e204,12032016500,12032016500,1,Exxon Mobil Corporation,MO 827,30.18845026,-87.95863042,21678,21675,9/24/1984,BSEE
d48d2e25-fec3-4d60-baf1-b5e0992d0df9,12032027100,12032027100,1,Exxon Mobil Corporation,MO 828,30.18153323,-87.94146513,22646,21845,11/27/1991,BSEE
1ac64849-f390-4e36-bcc0-556bf90b7da1,12032029300,12032029300,2,Exxon Mobil Corporation,MO 827,30.18845,-87.95388,22160,21753,3/28/2002,BSEE
fdcdbad8-52c6-4c61-adb3-b0a98813430b,12032030900,12032030900,3,Exxon Mobil Corporation,MO 827,30.19592,-87.97733,21711,21710,01-02-2009,BSEE
ecbe21a8-3a73-4fc0-bedf-f878def20c57,1.7075E+11,1.7075E+11,2,Chevron U.S.A. Inc.,WD 24,29.19628821,-89.51629576,15653,15653,7/15/1960,BSEE
dbf15418-2d57-45e0-88a1-daf44fa3d0cb,1.7075E+11,1.7075E+11, A002,Chevron U.S.A. Inc.,WD 24,29.17675313,-89.5121832,14150,13723,04-01-1953,BSEE
cdc4370e-fe3e-4dfa-8a31-193e2a352e67,1.7075E+11,1.7075E+11,9,Chevron U.S.A. Inc.,WD 24,29.19051769,-89.49602811,16336,16336,07-08-1963,BSEE
65e6cfdc-3328-43bf-a09e-0f111d234ca0,1.7075E+11,1.7075E+11,3,Chevron U.S.A. Inc.,WD 24,29.19593119,-89.49765306,16450,16450,12/19/1963,BSEE
8422d252-34d3-4a6c-9b2a-c0ba6cada781,1.7075E+11,1.7075E+11,1,Chevron U.S.A. Inc.,WD 24,29.18182704,-89.49703305,15500,15500,05-01-1960,BSEE
b1e30a83-5b04-467a-b896-77a2c4dde0af,1.7075E+11,1.7075E+11,11,Chevron U.S.A. Inc.,WD 24,29.190517,-89.49602827,16500,16500,09-06-1963,BSEE
5dd6dca6-0d05-442e-a762-0efc03231c6c,1.7075E+11,1.7075E+11,12,Chevron U.S.A. Inc.,WD 24,29.19863895,-89.48487809,16300,16300,12-07-1963,BSEE
13ffa902-e31d-492a-9d2b-683c2956ae62,1.7075E+11,1.7075E+11,14,Chevron U.S.A. Inc.,WD 24,29.18740405,-89.51723981,14850,14850,04-11-1964,BSEE
5e066d14-4ea0-4d85-9927-34214fa55b86,1.7075E+11,1.7075E+11,15,Chevron U.S.A. Inc.,WD 24,29.19016227,-89.50794431,15000,15000,6/24/1964,BSEE
f2362b77-8277-4bf2-beb1-5063a1575634,1.70751E+11,1.70751E+11,8,Chevron U.S.A. Inc.,WD 24,29.19083543,-89.50691349,16500,16500,11-09-1962,BSEE
dbdbc014-7946-443c-b3b5-e7436c6308d7,1.77E+11,1.77E+11,2,"Sanare Energy Partners, LLC",WC 20,29.69113783,-93.599295,10450,10450,10/28/1959,BSEE
ca5398de-71e6-4daf-887f-6d4e87963012,1.77E+11,1.77E+11,3,"Sanare Energy Partners, LLC",WC 20,29.69054444,-93.61385987,10650,10650,11/24/1959,BSEE
5c37a92b-d955-4d5c-9ef9-b8c6d16c6b68,1.77E+11,1.77E+11,4,"Sanare Energy Partners, LLC",WC 20,29.69141164,-93.59170959,11000,11000,12/22/1959,BSEE
804b7cfa-b87b-44e4-a84c-8cd0fbb8fe66,1.77E+11,1.77E+11,5,"Sanare Energy Partners, LLC",WC 20,29.69753501,-93.60346591,10685,10685,2/23/1960,BSEE
e35ae71f-887c-471a-becf-96809e91c088,1.77E+11,1.77E+11,6,"Sanare Energy Partners, LLC",WC 20,29.69163869,-93.5840979,10739,10739,1/26/1960,BSEE
44b29900-dac6-4bd3-8240-1461dead40a9,1.77E+11,1.77E+11,7,"Sanare Energy Partners, LLC",WC 20,29.69162348,-93.57743836,10500,10500,05-07-1960,BSEE
9d14f146-b2a1-47ae-9d5f-e08554868f1b,1.77E+11,1.77E+11,8,"Sanare Energy Partners, LLC",WC 20,29.69097105,-93.58774006,10066,10066,3/26/1960,BSEE
0b95412b-811c-474a-8335-59172cda12a0,1.77E+11,1.77E+11,9,"Sanare Energy Partners, LLC",WC 20,29.69147534,-93.59551628,10100,10100,4/16/1960,BSEE
26847b59-91ba-413a-9426-cf63ce6cb9e6,1.77E+11,1.77E+11,1,Talos Petroleum LLC,WC 45,29.66986532,-93.60881254,10136,10136,05-06-1956,BSEE
9a4f60f5-8856-4630-b850-23242e905993,1.77E+11,1.77E+11,2,Talos Petroleum LLC,WC 45,29.67516871,-93.60291752,5865,5865,6/19/1957,BSEE
d8cfb8d0-c42f-48d7-9e78-454fb5057602,1.77E+11,1.77E+11,3,Talos Petroleum LLC,WC 45,29.67498539,-93.61475562,10503,10503,9/19/1957,BSEE
08198fe5-d3b0-42c4-a44c-323f2ddc40f5,1.77E+11,1.77E+11,4,Talos Petroleum LLC,WC 45,29.67000921,-93.60050145,10203,10203,11-11-1957,BSEE
ed26163d-ad73-44a2-8e48-a04ccd61833d,1.77E+11,1.77E+11,5,Talos Petroleum LLC,WC 45,29.67625793,-93.60355325,10792,10792,02-04-1958,BSEE
9da789fb-dd79-4dbb-a2ab-ecdd0a20bdcd,1.77E+11,1.77E+11,6,Talos Petroleum LLC,WC 45,29.68177504,-93.61183943,11800,11800,6/18/1958,BSEE
fbedb3b9-2696-4cad-b0d5-77e0527262e9,1.77E+11,1.77E+11,7,Talos Petroleum LLC,WC 45,29.68401732,-93.59351746,10428,10428,8/16/1958,BSEE
05d3135f-0361-4466-9c09-764d3d890142,1.77E+11,1.77E+11,8,Talos Petroleum LLC,WC 45,29.67788706,-93.59810341,10444,10444,10/18/1958,BSEE
4914c0a5-11d4-47f1-b835-24cbb4b13e8c,1.77E+11,1.77E+11,9,Talos Petroleum LLC,WC 45,29.68633604,-93.58664009,14025,14025,11/29/1958,BSEE
2fbaadcc-4859-46c6-8c3c-91a5afcfcaa7,1.77E+11,1.77E+11,10,Talos Petroleum LLC,WC 45,29.68547404,-93.60838007,10372,10372,11-02-1959,BSEE
7c7f4905-7bb1-46c0-947d-9ef79114da00,1.77E+11,1.77E+11,11,Talos Petroleum LLC,WC 45,29.68863057,-93.59236484,10405,10405,2/25/1963,BSEE
59f113bb-ecd3-4fff-a52f-e2c4965dbce1,1.77E+11,1.77E+11,1,Talos Petroleum LLC,WC 45,29.66751064,-93.5874759,12958,12958,1/28/1959,BSEE
7edda10a-70e8-4bf4-bd58-25267697d092,1.77E+11,1.77E+11,2,Talos Petroleum LLC,WC 45,29.66104102,-93.59740726,10238,10238,4/27/1959,BSEE
75c87953-0c87-4156-8c75-71f35784a15d,1.77E+11,1.77E+11, A001,Talos Petroleum LLC,WC 45,29.64983628,-93.59336565,8814,8814,4/14/1949,BSEE
bf489727-d10d-40ff-a92a-a1bcc9e916e5,1.77E+11,1.77E+11, A001,Talos Petroleum LLC,WC 45,29.64983628,-93.59336565,9728,9728,08-12-1948,BSEE
5e2b6ff5-3b1d-4330-b614-9eddafd7885d,1.77E+11,1.77E+11, A001,Talos Petroleum LLC,WC 45,29.64983628,-93.59336565,8698,8698,01-05-1949,BSEE
20e5c989-5329-4d1e-91c8-0a577f509d37,1.77E+11,1.77E+11, A002,Talos Petroleum LLC,WC 56,29.64983628,-93.59336565,9166,8915,06-05-1949,BSEE
8638b3d3-cb36-40de-ac13-fcbf7d92bc25,1.77E+11,1.77E+11, A010,Talos Petroleum LLC,WC 56,29.64983628,-93.59336565,9161,8860,3/21/1968,BSEE
0bb55bc0-7a04-4154-a941-836e10a46335,1.77E+11,1.77E+11, A003,Talos Petroleum LLC,WC 45,29.64989956,-93.59335469,9872,9411,11-03-1949,BSEE
ccb8d18c-6378-4f62-9dca-e443f390e721,1.77E+11,1.77E+11, A004,Talos Petroleum LLC,WC 45,29.64983628,-93.59336565,10611,10611,4/20/1955,BSEE
2ac91a62-e1f1-47dd-8cec-04dc5785b16c,1.77E+11,1.77E+11, A005,Talos Petroleum LLC,WC 45,29.64983611,-93.59336585,14671,14414,7/26/1955,BSEE
e8a867dc-ee76-4d8f-96f2-0c407ef63a27,1.77E+11,1.77E+11, A006,Talos Petroleum LLC,WC 45,29.64983611,-93.59336585,9112,8553,12-10-1955,BSEE
ab6059a2-3160-4c8b-840b-87cfb02799bd,1.77E+11,1.77E+11, A007,Talos Petroleum LLC,WC 56,29.64983611,-93.59336585,10122,9086,01-11-1956,BSEE
8090f9f1-183b-462a-a552-e3b60f9120df,1.77E+11,1.77E+11, A008,Talos Petroleum LLC,WC 45,29.6498359,-93.59338769,9075,8808,4/25/1956,BSEE
f8d85aee-3382-4c92-930d-2cc2aa79c076,1.77E+11,1.77E+11, A009,Talos Petroleum LLC,WC 56,29.64983628,-93.59336565,9544,9544,12/30/1956,BSEE
43f7d3db-a45b-410e-95b2-3b799c1c7e06,1.77E+11,1.77E+11,1,Talos Petroleum LLC,WC 56,29.64713566,-93.60955524,9660,9660,4/16/1957,BSEE
7285912b-a1d5-4e89-8d44-b1bd1d66a52d,1.77E+11,1.77E+11,1,Magnolia Petroleum Company,WC 55,29.63879138,-93.62277768,9708,9708,06-05-1957,BSEE
24e429f3-0ad5-42fd-8c1f-e416dcdc4c67,1.77E+11,1.77E+11, A001,Magnolia Petroleum Company,WC 55,29.64657064,-93.62714648,11140,10343,10/26/1956,BSEE
2859596a-47a3-40a8-b98f-5c0c8cf5e6e0,1.77E+11,1.77E+11,1,Chevron U.S.A. Inc.,WC 48,29.6704465,-93.73800283,13000,13000,10-08-1963,BSEE
d8234fbf-bdc9-4a54-9234-bec4e93e3b60,1.77E+11,1.77E+11,1,Chevron U.S.A. Inc.,WC 17,29.69451244,-93.73057995,12500,12500,08-04-1973,BSEE
d1865414-7289-4e17-b4ae-ce6915f4df0d,1.77E+11,1.77E+11,2,Chevron U.S.A. Inc.,WC 17,29.71198535,-93.73143964,13269,13269,09-07-1963,BSEE
f9123797-6709-46cd-ac07-2eba90e72cf2,1.77E+11,1.77E+11, A002,Chevron U.S.A. Inc.,WC 17,29.70427435,-93.75157586,14159,13814,03-12-1958,BSEE
04ac6100-85e7-433e-a5f0-2307c3e63959,1.77E+11,1.77E+11, A002,Chevron U.S.A. Inc.,WC 17,29.70427435,-93.75157586,8821,8602,10/25/1957,BSEE
dc309aba-c1c0-4aa8-b7e3-e8be2486c6ed,1.77E+11,1.77E+11, A002,Chevron U.S.A. Inc.,WC 17,29.70427435,-93.75157586,12823,12515,12/15/1957,BSEE
5c953deb-44e6-4349-a904-ed2896272f67,1.77E+11,1.77E+11,2,Fieldwood Energy LLC,WC 144,29.44170138,-93.16191848,9500,9500,05-08-1970,BSEE
ebfe2370-04fc-4e83-8b22-d7642583c513,1.77E+11,1.77E+11,2,McMoRan Oil & Gas LLC,WC 118,29.50384748,-93.63881816,14000,14000,10/19/1960,BSEE
8d6e078e-cfcb-4efc-8125-7eca8f4aee40,1.77E+11,1.77E+11,3,McMoRan Oil & Gas LLC,WC 118,29.5139098,-93.64315647,15880,15603,2/17/1961,BSEE
3c61c95b-c211-4afa-bb10-3cb28ac7be97,1.77E+11,1.77E+11,1,BP Alaska Exploration Inc.,WC 117,29.49983595,-93.61564547,9885,9885,5/14/1961,BSEE
54fb5ab7-21a0-4eef-8583-bbab85fa8619,1.77E+11,1.77E+11,1,BP Alaska Exploration Inc.,WC 92,29.53757769,-93.59480003,9872,9872,7/18/1963,BSEE
2f211265-e329-4f04-a968-fa88ebd986b2,1.77E+11,1.77E+11, A001,MOBIL OIL EXPLORATION & PRODUCING SOUTHEAST INC.,WC 33,29.67075208,-93.02138088,16116,16116,10/27/1957,BSEE
eb942ce9-3275-4098-876a-02fd875f65b4,1.77E+11,1.77E+11, A001,MOBIL OIL EXPLORATION & PRODUCING SOUTHEAST INC.,WC 33,29.67075208,-93.02138088,13128,13128,6/16/1957,BSEE
0e3f6a28-ecc0-4d11-9dcc-c63f5517d2a9,1.77E+11,1.77E+11, A001,MOBIL OIL EXPLORATION & PRODUCING SOUTHEAST INC.,WC 33,29.67075208,-93.02138088,14720,14720,8/28/1957,BSEE
29503036-25cb-47cf-8c86-1c7150868e97,1.77E+11,1.77E+11, B001,MOBIL OIL EXPLORATION & PRODUCING SOUTHEAST INC.,WC 33,29.67056549,-93.02922548,14654,14654,12/17/1957,BSEE
25bb10a5-430f-4515-998b-6431cf09cde6,1.77E+11,1.77E+11, C001,MOBIL OIL EXPLORATION & PRODUCING SOUTHEAST INC.,WC 33,29.66276344,-93.02853277,16000,16000,10-09-1959,BSEE
e50f13a5-58a3-4957-a8be-7926654149bd,1.77E+11,1.77E+11, D001,MOBIL OIL EXPLORATION & PRODUCING SOUTHEAST INC.,WC 33,29.66411791,-93.05105492,14010,14010,08-12-1962,BSEE
6be53156-5369-43ee-a61c-d98d6adb7df2,1.77E+11,1.77E+11, E001,MOBIL OIL EXPLORATION & PRODUCING SOUTHEAST INC.,WC 33,29.66584722,-93.03972293,15498,15498,1/22/1963,BSEE
dfcada05-79f3-4fa0-9924-eb1a56c2b7e7,1.77E+11,1.77E+11, A001,BP America Production Company,WC 68,29.62643463,-93.03469455,16106,16106,9/20/1958,BSEE
a0066348-a76e-41a7-93f3-1574bf8758a6,1.77E+11,1.77E+11, A001,Fieldwood Energy LLC,WC 68,29.62643463,-93.03469455,12860,12420,2/26/2001,BSEE
477d773b-646b-45f4-942e-78980e073fd8,1.77E+11,1.77E+11, A002,Fieldwood Energy LLC,WC 68,29.62645925,-93.03470456,13496,13053,08-01-1959,BSEE
679f35f4-0883-447c-a061-636d37e5a405,1.77E+11,1.77E+11, A002,Fieldwood Energy LLC,WC 68,29.62645925,-93.03470456,12602,12140,01-12-1959,BSEE
4e2b54b1-2f86-4873-b26f-24574bec4ed2,1.77E+11,1.77E+11, A002,Fieldwood Energy LLC,WC 68,29.62645925,-93.03470456,11708,11327,02-01-1959,BSEE
13126f08-7ed7-44f0-a989-00d09e234099,1.77E+11,1.77E+11, A002,Fieldwood Energy LLC,WC 68,29.62645925,-93.03470456,10835,10658,04-01-1959,BSEE
e9e8c661-f159-4461-ab7b-739bc2a8c3f7,1.77E+11,1.77E+11, B001,Apache Corporation,WC 68,29.63130061,-93.04941824,14507,14507,7/27/1959,BSEE
6ae7df9a-e065-44f1-8a78-1af51e0ab5a6,1.77E+11,1.77E+11, B001,Apache Corporation,WC 68,29.63130038,-93.04941745,4901,4901,6/16/1959,BSEE
34c4f8bf-5d92-48ac-9f62-da4b93aa59de,1.77E+11,1.77E+11, D001,Apache Corporation,WC 68,29.63119407,-93.0284137,14147,14147,03-07-1960,BSEE
47d0cbbe-60d8-40d0-abac-8f88c6902793,1.77E+11,1.77E+11, E001,MOBIL OIL EXPLORATION & PRODUCING SOUTHEAST INC.,WC 68,29.63906408,-93.02085295,14672,14672,5/21/1960,BSEE
c131b38e-8609-4d66-bd8f-d35f0a160995,1.77E+11,1.77E+11, G001,MOBIL OIL EXPLORATION & PRODUCING SOUTHEAST INC.,WC 68,29.64878267,-93.02114274,16131,16131,10/15/1962,BSEE
37be2e06-5f9e-4f6c-be6e-f11df473159e,1.77E+11,1.77E+11, H001,MOBIL OIL EXPLORATION & PRODUCING SOUTHEAST INC.,WC 68,29.65047539,-93.04460565,15954,15954,3/24/1963,BSEE
697a8124-59ce-4877-9f23-3df5e2717c7f,1.77E+11,1.77E+11,1,Union Oil Company of California,WC 67,29.64521513,-93.08019898,11467,11467,11/13/1959,BSEE
c6ed645e-bf93-492a-8490-05e7b8263727,1.77E+11,1.77E+11,1,Union Oil Company of California,WC 67,29.64708458,-93.08890876,13078,13078,03-11-1958,BSEE
79c7f0f2-b168-4ef8-87df-86e55ef8c8ae,1.77E+11,1.77E+11,1,Sun Oil Company,WC 66,29.63070094,-93.14490927,12622,12622,1/20/1958,BSEE
fc788c54-5921-438c-b912-9bb38cb056ba,1.77E+11,1.77E+11,1,Kerr-McGee Corporation,WC 26,29.70653012,-93.32437829,11250,11250,1/25/1961,BSEE
86efc51e-6a5b-4066-86be-e019e122ee9e,1.77E+11,1.77E+11,1,Cabot Corporation,WC 26,29.69544057,-93.34097879,14652,14652,2/15/1960,BSEE
70d61cff-8167-4e3e-bbe5-c5daf3617e90,1.77E+11,1.77E+11, B001,The Louisiana Land and Exploration Company,WC 40,29.6865631,-93.34594736,14005,14005,10/31/1954,BSEE
dea5b6c1-e1aa-4def-91ff-ef03556b5cbc,1.77E+11,1.77E+11, B002,Tenneco Oil Company,WC 39,29.68654144,-93.34592488,10483,10157,04-01-1955,BSEE
9955172b-948b-4d28-8e85-d01c905a0b03,1.77E+11,1.77E+11, B003,Tenneco Oil Company,WC 39,29.68628814,-93.34594183,11852,10609,04-05-1961,BSEE
c8c745fe-db75-4846-b3ba-63d82ee04b67,1.77E+11,1.77E+11, A001,The Louisiana Land and Exploration Company,WC 40,29.67959992,-93.34588919,14300,14300,5/13/1958,BSEE
18fa8d81-ca18-4e5a-937c-dfad5c1c70d1,1.77E+11,1.77E+11, A001,The Louisiana Land and Exploration Company,WC 40,29.67276552,-93.3455059,11377,11377,1/16/1954,BSEE
c79b4b0c-c515-4e6b-906a-35478cd0f11d,1.77E+11,1.77E+11, A002,The Louisiana Land and Exploration Company,WC 40,29.67274084,-93.34548984,14072,14069,3/28/1954,BSEE
8786e094-d75d-42e0-b122-20f3be14b145,1.77E+11,1.77E+11,2,The Louisiana Land and Exploration Company,WC 40,29.67364904,-93.35458771,10499,10499,12/15/1960,BSEE
67a65904-af5d-4298-b645-16eda4cf3fc4,1.77E+11,1.77E+11,1,"Gordon Street, Inc.",WC 25,29.70101947,-93.35077453,14389,14389,08-09-1962,BSEE
62b1a460-366b-4aca-a79e-7d3c5a9fc1c0,1.77E+11,1.77E+11, B001,BP Exploration & Production Inc.,WC 111,29.50783905,-93.29704494,10298,10298,12-01-1956,BSEE
2804043b-77e4-4877-80d5-2149204643b1,1.77E+11,1.77E+11, B002,American Exploration Company,WC 111,29.50793975,-93.29711608,10139,9830,4/15/1957,BSEE
9525a977-4b40-4823-9f0f-a8db16c3b3fd,1.77E+11,1.77E+11, B003,"Mariner Energy, Inc.",WC 110,29.50792358,-93.29709376,8900,8275,08-12-1957,BSEE
121ef779-a0e9-4f8f-8f66-cc9cf9609aa8,1.77E+11,1.77E+11, B004,"Mariner Energy, Inc.",WC 110,29.50790998,-93.29708406,8900,8317,10-11-1957,BSEE
f06c6b94-808b-4a91-9602-e90f01b19d83,1.77E+11,1.77E+11, A001,"White Fleet Operating, LLC",WC 110,29.51828508,-93.28435737,10628,10625,12/24/1953,BSEE
b95e1bd8-a375-4468-a39c-f993367c8b64,1.77E+11,1.77E+11, A002,"White Fleet Operating, LLC",WC 110,29.51836122,-93.28366725,11341,10972,5/23/1954,BSEE
23396448-4cc0-4fab-9ff2-25c7ec9d26c7,1.77E+11,1.77E+11, A003,"White Fleet Operating, LLC",WC 110,29.51827142,-93.28434156,9500,9011,01-04-1958,BSEE
