TIME,DEPTH,ROP,WOB,RPM,TORQUE,PRESSURE,HOOKLOAD,FLOW
,0,,,,,,,
,0.152,,,,,,,
,0.305,,,,,,,
,0.457,,,,,,,
,0.61,,,,,,,
,0.762,,,,,,,
,0.914,,,,,,,
,1.067,,,,,,,
,1.219,,,,,,,
,1.372,,,,,,,
,1.524,,,,,,,
,1.676,,,,,,,
,1.829,,,,,,,
,1.981,,,,,,,
,2.134,,,,,,,
,2.286,,,,,,,
,2.438,,,,,,,
,2.591,,,,,,,
,2.743,,,,,,,
,2.896,,,,,,,
,3.048,,,,,,,
,3.2,,,,,,,
,3.353,,,,,,,
,3.505,,,,,,,
,3.658,,,,,,,
,3.81,,,,,,,
,3.962,,,,,,,
,4.115,,,,,,,
,4.267,,,,,,,
,4.42,,,,,,,
,4.572,,,,,,,
,4.724,,,,,,,
,4.877,,,,,,,
,5.029,,,,,,,
,5.182,,,,,,,
,5.334,,,,,,,
,5.486,,,,,,,
,5.639,,,,,,,
,5.791,,,,,,,
,5.944,,,,,,,
,6.096,,,,,,,
,6.248,,,,,,,
,6.401,,,,,,,
,6.553,,,,,,,
,6.706,,,,,,,
,6.858,,,,,,,
,7.01,,,,,,,
,7.163,,,,,,,
,7.315,,,,,,,
,7.468,,,,,,,
,7.62,,,,,,,
,7.772,,,,,,,
,7.925,,,,,,,
,8.077,,,,,,,
,8.23,,,,,,,
,8.382,,,,,,,
,8.534,,,,,,,
,8.687,,,,,,,
,8.839,,,,,,,
,8.992,,,,,,,
,9.144,,,,,,,
,9.296,,,,,,,
,9.449,,,,,,,
,9.601,,,,,,,
,9.754,,,,,,,
,9.906,,,,,,,
,10.058,,,,,,,
,10.211,,,,,,,
,10.363,,,,,,,
,10.516,,,,,,,
,10.668,,,,,,,
,10.82,,,,,,,
,10.973,,,,,,,
,11.125,,,,,,,
,11.278,,,,,,,
,11.43,,,,,,,
,11.582,,,,,,,
,11.735,,,,,,,
,11.887,,,,,,,
,12.04,,,,,,,
,12.192,,,,,,,
,12.344,,,,,,,
,12.497,,,,,,,
,12.649,,,,,,,
,12.802,,,,,,,
,12.954,,,,,,,
,13.106,,,,,,,
,13.259,,,,,,,
,13.411,,,,,,,
,13.564,,,,,,,
,13.716,,,,,,,
,13.868,,,,,,,
,14.021,,,,,,,
,14.173,,,,,,,
,14.326,,,,,,,
,14.478,,,,,,,
,14.63,,,,,,,
,14.783,,,,,,,
,14.935,,,,,,,
,15.088,,,,,,,
,15.24,,,,,,,
,15.392,,,,,,,
,15.545,,,,,,,
,15.697,,,,,,,
,15.85,,,,,,,
,16.002,,,,,,,
,16.154,,,,,,,
,16.307,,,,,,,
,16.459,,,,,,,
,16.612,,,,,,,
,16.764,,,,,,,
,16.916,,,,,,,
,17.069,,,,,,,
,17.221,,,,,,,
,17.374,,,,,,,
,17.526,,,,,,,
,17.678,,,,,,,
,17.831,,,,,,,
,17.983,,,,,,,
,18.136,,,,,,,
,18.288,,,,,,,
,18.44,,,,,,,
,18.593,,,,,,,
,18.745,,,,,,,
,18.898,,,,,,,
,19.05,,,,,,,
,19.202,,,,,,,
,19.355,,,,,,,
,19.507,,,,,,,
,19.66,,,,,,,
,19.812,,,,,,,
,19.964,,,,,,,
,20.117,,,,,,,
,20.269,,,,,,,
,20.422,,,,,,,
,20.574,,,,,,,
,20.726,,,,,,,
,20.879,,,,,,,
,21.031,,,,,,,
,21.184,,,,,,,
,21.336,,,,,,,
,21.488,,,,,,,
,21.641,,,,,,,
,21.793,,,,,,,
,21.946,,,,,,,
,22.098,,,,,,,
,22.25,,,,,,,
,22.403,,,,,,,
,22.555,,,,,,,
,22.708,,,,,,,
,22.86,,,,,,,
,23.012,,,,,,,
,23.165,,,,,,,
,23.317,,,,,,,
,23.47,,,,,,,
,23.622,,,,,,,
,23.774,,,,,,,
,23.927,,,,,,,
,24.079,,,,,,,
,24.232,,,,,,,
,24.384,,,,,,,
,24.536,,,,,,,
,24.689,,,,,,,
,24.841,,,,,,,
,24.994,,,,,,,
,25.146,,,,,,,
,25.298,,,,,,,
,25.451,,,,,,,
,25.603,,,,,,,
,25.756,,,,,,,
,25.908,,,,,,,
,26.06,,,,,,,
,26.213,,,,,,,
,26.365,,,,,,,
,26.518,,,,,,,
,26.67,,,,,,,
,26.822,,,,,,,
,26.975,,,,,,,
,27.127,,,,,,,
,27.28,,,,,,,
,27.432,,,,,,,
,27.584,,,,,,,
,27.737,,,,,,,
,27.889,,,,,,,
,28.042,,,,,,,
,28.194,,,,,,,
,28.346,,,,,,,
,28.499,,,,,,,
,28.651,,,,,,,
,28.804,,,,,,,
,28.956,,,,,,,
,29.108,,,,,,,
,29.261,,,,,,,
,29.413,,,,,,,
,29.566,,,,,,,
,29.718,,,,,,,
,29.87,,,,,,,
,30.023,,,,,,,
,30.175,,,,,,,
,30.328,,,,,,,
,30.48,,,,,,,
,30.632,,,,,,,
,30.785,,,,,,,
,30.937,,,,,,,
,31.09,,,,,,,
,31.242,,,,,,,
,31.394,,,,,,,
,31.547,,,,,,,
,31.699,,,,,,,
,31.852,,,,,,,
,32.004,,,,,,,
,32.156,,,,,,,
,32.309,,,,,,,
,32.461,,,,,,,
,32.614,,,,,,,
,32.766,,,,,,,
,32.918,,,,,,,
,33.071,,,,,,,
,33.223,,,,,,,
,33.376,,,,,,,
,33.528,,,,,,,
,33.68,,,,,,,
,33.833,,,,,,,
,33.985,,,,,,,
,34.138,,,,,,,
,34.29,,,,,,,
,34.442,,,,,,,
,34.595,,,,,,,
,34.747,,,,,,,
,34.9,,,,,,,
,35.052,,,,,,,
,35.204,,,,,,,
,35.357,,,,,,,
,35.509,,,,,,,
,35.662,,,,,,,
,35.814,,,,,,,
,35.966,,,,,,,
,36.119,,,,,,,
,36.271,,,,,,,
,36.424,,,,,,,
,36.576,,,,,,,
,36.728,,,,,,,
,36.881,,,,,,,
,37.033,,,,,,,
,37.186,,,,,,,
,37.338,,,,,,,
,37.49,,,,,,,
,37.643,,,,,,,
,37.795,,,,,,,
,37.948,,,,,,,
,38.1,,,,,,,
,38.252,,,,,,,
,38.405,,,,,,,
,38.557,,,,,,,
,38.71,,,,,,,
,38.862,,,,,,,
,39.014,,,,,,,
,39.167,,,,,,,
,39.319,,,,,,,
,39.472,,,,,,,
,39.624,,,,,,,
,39.776,,,,,,,
,39.929,,,,,,,
,40.081,,,,,,,
,40.234,,,,,,,
,40.386,,,,,,,
,40.538,,,,,,,
,40.691,,,,,,,
,40.843,,,,,,,
,40.996,,,,,,,
,41.148,,,,,,,
,41.3,,,,,,,
,41.453,,,,,,,
,41.605,,,,,,,
,41.758,,,,,,,
,41.91,,,,,,,
,42.062,,,,,,,
,42.215,,,,,,,
,42.367,,,,,,,
,42.52,,,,,,,
,42.672,,,,,,,
,42.824,,,,,,,
,42.977,,,,,,,
,43.129,,,,,,,
,43.282,,,,,,,
,43.434,,,,,,,
,43.586,,,,,,,
,43.739,,,,,,,
,43.891,,,,,,,
,44.044,,,,,,,
,44.196,,,,,,,
,44.348,,,,,,,
,44.501,,,,,,,
,44.653,,,,,,,
,44.806,,,,,,,
,44.958,,,,,,,
,45.11,,,,,,,
,45.263,,,,,,,
,45.415,,,,,,,
,45.568,,,,,,,
,45.72,,,,,,,
,45.872,,,,,,,
,46.025,,,,,,,
,46.177,,,,,,,
,46.33,,,,,,,
,46.482,,,,,,,
,46.634,,,,,,,
,46.787,,,,,,,
,46.939,,,,,,,
,47.092,,,,,,,
,47.244,,,,,,,
,47.396,,,,,,,
,47.549,,,,,,,
,47.701,,,,,,,
,47.854,,,,,,,
,48.006,,,,,,,
,48.158,,,,,,,
,48.311,,,,,,,
,48.463,,,,,,,
,48.616,,,,,,,
,48.768,,,,,,,
,48.92,,,,,,,
,49.073,,,,,,,
,49.225,,,,,,,
,49.378,,,,,,,
,49.53,,,,,,,
,49.682,,,,,,,
,49.835,,,,,,,
,49.987,,,,,,,
,50.14,,,,,,,
,50.292,,,,,,,
,50.444,,,,,,,
,50.597,,,,,,,
,50.749,,,,,,,
,50.902,,,,,,,
,51.054,,,,,,,
,51.206,,,,,,,
,51.359,,,,,,,
,51.511,,,,,,,
,51.664,,,,,,,
,51.816,,,,,,,
,51.968,,,,,,,
,52.121,,,,,,,
,52.273,,,,,,,
,52.426,,,,,,,
,52.578,,,,,,,
,52.73,,,,,,,
,52.883,,,,,,,
,53.035,,,,,,,
,53.188,,,,,,,
,53.34,,,,,,,
,53.492,,,,,,,
,53.645,,,,,,,
,53.797,,,,,,,
,53.95,,,,,,,
,54.102,,,,,,,
,54.254,,,,,,,
,54.407,,,,,,,
,54.559,,,,,,,
,54.712,,,,,,,
,54.864,,,,,,,
,55.016,,,,,,,
,55.169,,,,,,,
,55.321,,,,,,,
,55.474,,,,,,,
,55.626,,,,,,,
,55.778,,,,,,,
,55.931,,,,,,,
,56.083,,,,,,,
,56.236,,,,,,,
,56.388,,,,,,,
,56.54,,,,,,,
,56.693,,,,,,,
,56.845,,,,,,,
,56.998,,,,,,,
,57.15,,,,,,,
,57.302,,,,,,,
,57.455,,,,,,,
,57.607,,,,,,,
,57.76,,,,,,,
,57.912,,,,,,,
,58.064,,,,,,,
,58.217,,,,,,,
,58.369,,,,,,,
,58.522,,,,,,,
,58.674,,,,,,,
,58.826,,,,,,,
,58.979,,,,,,,
,59.131,,,,,,,
,59.284,,,,,,,
,59.436,,,,,,,
,59.588,,,,,,,
,59.741,,,,,,,
,59.893,,,,,,,
,60.046,,,,,,,
,60.198,,,,,,,
,60.35,,,,,,,
,60.503,,,,,,,
,60.655,,,,,,,
,60.808,,,,,,,
,60.96,,,,,,,
,61.112,,,,,,,
,61.265,,,,,,,
,61.417,,,,,,,
,61.57,,,,,,,
,61.722,,,,,,,
,61.874,,,,,,,
,62.027,,,,,,,
,62.179,,,,,,,
,62.332,,,,,,,
,62.484,,,,,,,
,62.636,,,,,,,
,62.789,,,,,,,
,62.941,,,,,,,
,63.094,,,,,,,
,63.246,,,,,,,
,63.398,,,,,,,
,63.551,,,,,,,
,63.703,,,,,,,
,63.856,,,,,,,
,64.008,,,,,,,
,64.16,,,,,,,
,64.313,,,,,,,
,64.465,,,,,,,
,64.618,,,,,,,
,64.77,,,,,,,
,64.922,,,,,,,
,65.075,,,,,,,
,65.227,,,,,,,
,65.38,,,,,,,
,65.532,,,,,,,
,65.684,,,,,,,
,65.837,,,,,,,
,65.989,,,,,,,
,66.142,,,,,,,
,66.294,,,,,,,
,66.446,,,,,,,
,66.599,,,,,,,
,66.751,,,,,,,
,66.904,,,,,,,
,67.056,,,,,,,
,67.208,,,,,,,
,67.361,,,,,,,
,67.513,,,,,,,
,67.666,,,,,,,
,67.818,,,,,,,
,67.97,,,,,,,
,68.123,,,,,,,
,68.275,,,,,,,
,68.428,,,,,,,
,68.58,,,,,,,
,68.732,,,,,,,
,68.885,,,,,,,
,69.037,,,,,,,
,69.19,,,,,,,
,69.342,,,,,,,
,69.494,,,,,,,
,69.647,,,,,,,
,69.799,,,,,,,
,69.952,,,,,,,
,70.104,,,,,,,
,70.256,,,,,,,
,70.409,,,,,,,
,70.561,,,,,,,
,70.714,,,,,,,
,70.866,,,,,,,
,71.018,,,,,,,
,71.171,,,,,,,
,71.323,,,,,,,
,71.476,,,,,,,
,71.628,,,,,,,
,71.78,,,,,,,
,71.933,,,,,,,
,72.085,,,,,,,
,72.238,,,,,,,
,72.39,,,,,,,
,72.542,,,,,,,
,72.695,,,,,,,
,72.847,,,,,,,
,73,,,,,,,
,73.152,,,,,,,
,73.304,,,,,,,
,73.457,,,,,,,
,73.609,,,,,,,
,73.762,,,,,,,
,73.914,,,,,,,
,74.066,,,,,,,
,74.219,,,,,,,
,74.371,,,,,,,
,74.524,,,,,,,
,74.676,,,,,,,
,74.828,,,,,,,
,74.981,,,,,,,
,75.133,,,,,,,
,75.286,,,,,,,
,75.438,,,,,,,
,75.59,,,,,,,
,75.743,,,,,,,
,75.895,,,,,,,
,76.048,,,,,,,
,76.2,,,,,,,
,76.352,,,,,,,
,76.505,,,,,,,
,76.657,,,,,,,
,76.81,,,,,,,
,76.962,,,,,,,
,77.114,,,,,,,
,77.267,,,,,,,
,77.419,,,,,,,
,77.572,,,,,,,
,77.724,,,,,,,
,77.876,,,,,,,
,78.029,,,,,,,
,78.181,,,,,,,
,78.334,,,,,,,
,78.486,,,,,,,
,78.638,,,,,,,
,78.791,,,,,,,
,78.943,,,,,,,
,79.096,,,,,,,
,79.248,,,,,,,
,79.4,,,,,,,
,79.553,,,,,,,
,79.705,,,,,,,
,79.858,,,,,,,
,80.01,,,,,,,
,80.162,,,,,,,
,80.315,,,,,,,
,80.467,,,,,,,
,80.62,,,,,,,
,80.772,,,,,,,
,80.924,,,,,,,
,81.077,,,,,,,
,81.229,,,,,,,
,81.382,,,,,,,
,81.534,,,,,,,
,81.686,,,,,,,
,81.839,,,,,,,
,81.991,,,,,,,
,82.144,,,,,,,
,82.296,,,,,,,
,82.448,,,,,,,
,82.601,,,,,,,
,82.753,,,,,,,
,82.906,,,,,,,
,83.058,,,,,,,
,83.21,,,,,,,
,83.363,,,,,,,
,83.515,,,,,,,
,83.668,,,,,,,
,83.82,,,,,,,
,83.972,,,,,,,
,84.125,,,,,,,
,84.277,,,,,,,
,84.43,,,,,,,
,84.582,,,,,,,
,84.734,,,,,,,
,84.887,,,,,,,
,85.039,,,,,,,
,85.192,,,,,,,
,85.344,,,,,,,
,85.496,,,,,,,
,85.649,,,,,,,
,85.801,,,,,,,
,85.954,,,,,,,
,86.106,,,,,,,
,86.258,,,,,,,
,86.411,,,,,,,
,86.563,,,,,,,
,86.716,,,,,,,
,86.868,,,,,,,
,87.02,,,,,,,
,87.173,,,,,,,
,87.325,,,,,,,
,87.478,,,,,,,
,87.63,,,,,,,
,87.782,,,,,,,
,87.935,,,,,,,
,88.087,,,,,,,
,88.24,,,,,,,
,88.392,,,,,,,
,88.544,,,,,,,
,88.697,,,,,,,
,88.849,,,,,,,
,89.002,,,,,,,
,89.154,,,,,,,
,89.306,,,,,,,
,89.459,,,,,,,
,89.611,,,,,,,
,89.764,,,,,,,
,89.916,,,,,,,
,90.068,,,,,,,
,90.221,,,,,,,
,90.373,,,,,,,
,90.526,,,,,,,
,90.678,,,,,,,
,90.83,,,,,,,
,90.983,,,,,,,
,91.135,,,,,,,
,91.288,,,,,,,
,91.44,,,,,,,
,91.592,,,,,,,
,91.745,,,,,,,
,91.897,,,,,,,
,92.05,,,,,,,
,92.202,,,,,,,
,92.354,,,,,,,
,92.507,,,,,,,
,92.659,,,,,,,
,92.812,,,,,,,
,92.964,,,,,,,
,93.116,,,,,,,
,93.269,,,,,,,
,93.421,,,,,,,
,93.574,,,,,,,
,93.726,,,,,,,
,93.878,,,,,,,
,94.031,,,,,,,
,94.183,,,,,,,
,94.336,,,,,,,
,94.488,,,,,,,
,94.64,,,,,,,
,94.793,,,,,,,
,94.945,,,,,,,
,95.098,,,,,,,
,95.25,,,,,,,
,95.402,,,,,,,
,95.555,,,,,,,
,95.707,,,,,,,
,95.86,,,,,,,
,96.012,,,,,,,
,96.164,,,,,,,
,96.317,,,,,,,
,96.469,,,,,,,
,96.622,,,,,,,
,96.774,,,,,,,
,96.926,,,,,,,
,97.079,,,,,,,
,97.231,,,,,,,
,97.384,,,,,,,
,97.536,,,,,,,
,97.688,,,,,,,
,97.841,,,,,,,
,97.993,,,,,,,
,98.146,,,,,,,
,98.298,,,,,,,
,98.45,,,,,,,
,98.603,,,,,,,
,98.755,,,,,,,
,98.908,,,,,,,
,99.06,,,,,,,
,99.212,,,,,,,
,99.365,,,,,,,
,99.517,,,,,,,
,99.67,,,,,,,
,99.822,,,,,,,
,99.974,,,,,,,
,100.127,,,,,,,
,100.279,,,,,,,
,100.432,,,,,,,
,100.584,,,,,,,
,100.736,,,,,,,
,100.889,,,,,,,
,101.041,,,,,,,
,101.194,,,,,,,
,101.346,,,,,,,
,101.498,,,,,,,
,101.651,,,,,,,
,101.803,,,,,,,
,101.956,,,,,,,
,102.108,,,,,,,
,102.26,,,,,,,
,102.413,,,,,,,
,102.565,,,,,,,
,102.718,,,,,,,
,102.87,,,,,,,
,103.022,,,,,,,
,103.175,,,,,,,
,103.327,,,,,,,
,103.48,,,,,,,
,103.632,,,,,,,
,103.784,,,,,,,
,103.937,,,,,,,
,104.089,,,,,,,
,104.242,,,,,,,
,104.394,,,,,,,
,104.546,,,,,,,
,104.699,,,,,,,
,104.851,,,,,,,
,105.004,,,,,,,
,105.156,,,,,,,
,105.308,,,,,,,
,105.461,,,,,,,
,105.613,,,,,,,
,105.766,,,,,,,
,105.918,,,,,,,
,106.07,,,,,,,
,106.223,,,,,,,
,106.375,,,,,,,
,106.528,,,,,,,
,106.68,,,,,,,
,106.832,,,,,,,
,106.985,,,,,,,
,107.137,,,,,,,
,107.29,,,,,,,
,107.442,,,,,,,
,107.594,,,,,,,
,107.747,,,,,,,
,107.899,,,,,,,
,108.052,,,,,,,
,108.204,,,,,,,
,108.356,,,,,,,
,108.509,,,,,,,
,108.661,,,,,,,
,108.814,,,,,,,
,108.966,,,,,,,
,109.118,,,,,,,
,109.271,,,,,,,
,109.423,,,,,,,
,109.576,,,,,,,
,109.728,,,,,,,
,109.88,,,,,,,
,110.033,,,,,,,
,110.185,,,,,,,
,110.338,,,,,,,
,110.49,,,,,,,
,110.642,,,,,,,
,110.795,,,,,,,
,110.947,,,,,,,
,111.1,,,,,,,
,111.252,,,,,,,
,111.404,,,,,,,
,111.557,,,,,,,
,111.709,,,,,,,
,111.862,,,,,,,
,112.014,,,,,,,
,112.166,,,,,,,
,112.319,,,,,,,
,112.471,,,,,,,
,112.624,,,,,,,
,112.776,,,,,,,
,112.928,,,,,,,
,113.081,,,,,,,
,113.233,,,,,,,
,113.386,,,,,,,
,113.538,,,,,,,
,113.69,,,,,,,
,113.843,,,,,,,
,113.995,,,,,,,
,114.148,,,,,,,
,114.3,,,,,,,
,114.452,,,,,,,
,114.605,,,,,,,
,114.757,,,,,,,
,114.91,,,,,,,
,115.062,,,,,,,
,115.214,,,,,,,
,115.367,,,,,,,
,115.519,,,,,,,
,115.672,,,,,,,
,115.824,,,,,,,
,115.976,,,,,,,
,116.129,,,,,,,
,116.281,,,,,,,
,116.434,,,,,,,
,116.586,,,,,,,
,116.738,,,,,,,
,116.891,,,,,,,
,117.043,,,,,,,
,117.196,,,,,,,
,117.348,,,,,,,
,117.5,,,,,,,
,117.653,,,,,,,
,117.805,,,,,,,
,117.958,,,,,,,
,118.11,,,,,,,
,118.262,,,,,,,
,118.415,,,,,,,
,118.567,,,,,,,
,118.72,,,,,,,
,118.872,,,,,,,
,119.024,,,,,,,
,119.177,,,,,,,
,119.329,,,,,,,
,119.482,,,,,,,
,119.634,,,,,,,
,119.786,,,,,,,
,119.939,,,,,,,
,120.091,,,,,,,
,120.244,,,,,,,
,120.396,,,,,,,
,120.548,,,,,,,
,120.701,,,,,,,
,120.704,,,,,,,
,120.853,308.7093648,,,,,,
,121.006,307.6212288,,,,,,
,121.158,307.6261056,,,,,,
,121.176,,,,,,,
,121.31,308.9019984,,,,,,
,121.463,309.4079664,,,,,,
,121.56,,,,,,,
,121.615,309.3183552,,,,,,
,121.768,308.3823144,,,,,,
,121.92,308.337204,,,,,,
,121.987,,,,,,,
,122.072,308.2567368,,,,,,
,122.225,308.2509456,,,,,,
,122.374,,,,,,,
,122.377,177.6962664,,,,,,
,122.441,,,,,,,
,122.53,155.8021776,,,,,,
,122.581,,,,,,,
,122.682,149.4044256,,,,,,
,122.825,,,,,,,
,122.834,144.046956,,,,,,
,122.987,139.6666752,,,,,,
,123.112,,,,,,,
,123.139,135.7649304,,,,,,
,123.292,132.2155344,,,,,,
,123.353,,,,,,,
,123.444,129.5019,,,,,,
,123.596,127.0720344,,,,,,
,123.648,,,,,,,
,123.749,124.9811064,,,,,,
,123.901,173.9024208,,,,,,
,123.983,,,,,,,
,124.054,196.3914792,,,,,,
,124.206,202.0967256,,,,,,
,124.255,,,,,,,
,124.358,206.9787072,,,,,,
,124.511,210.6302112,,,,,,
,124.563,,,,,,,
,124.663,214.9272816,,,,,,
,124.816,222.1943232,,,,,,
,124.959,,,,,,,
,124.968,227.8434864,,,,,,
,125.12,233.1637704,,,,,,
,125.273,237.6915744,,,,,,
,125.294,,,,,,,
,125.425,242.6506704,,,,,,
,125.578,247.9102992,,,,,,
,125.666,,,,,,,
,125.73,253.055628,,,,,,
,125.882,258.6231048,,,,,,
,126.035,264.2655624,,,,,,
,126.077,,,,,,,
,126.187,268.7714208,,,,,,
,126.34,268.859508,,,,,,
,126.413,,,,,,,
,126.492,268.8043392,,,,,,
,126.644,268.9421088,,,,,,
,126.788,,,,,,,
,126.797,269.2655016,,,,,,
,126.949,269.0920704,,,,,,
,127.102,268.9655784,,,,,,
,127.199,,,,,,,
,127.254,269.28318,,,,,,
,127.406,269.1420576,,,,,,
,127.537,,,,,,,
,127.559,269.537688,,,,,,
,127.711,269.4404568,,,,,,
,127.864,269.3438352,,,,,,
,127.909,,,,,,,
,128.016,269.4026616,,,,,,
,128.168,269.0762208,,,,,,
,128.321,268.9710648,,,,,,
,128.473,269.0384256,,,,,,
,128.626,268.9591776,,,,,,
,128.656,,,,,,,
,128.778,268.9107144,,,,,,
,128.93,268.8652992,,,,,,
,129.031,,,,,,,
,129.083,268.798548,,,,,,
,129.235,268.8628608,,,,,,
,129.388,268.9177248,,,,,,
,129.442,,,,,,,
,129.54,268.9186392,,,,,,
,129.692,269.249652,,,,,,
,129.778,,,,,,,
,129.845,269.1164544,,,,,,
,129.997,269.0472648,,,,,,
,130.15,269.3249376,,,,,,
,130.153,,,,,,,
,130.302,269.1313896,,,,,,
,130.412,,,,,,,
,130.454,15.1598376,,,,,,
,130.573,,,,,,,
,130.607,14.9806152,,,,,,
,130.68,,,,,,,
,130.759,14.8032216,,,,,,
,130.799,,,,,,,
,130.912,14.6313144,,,,,,
,130.93,,,,,,,
,131.064,14.4633696,,,,,,
,131.155,,,,,,,
,131.216,14.2990824,,,,,,
,131.287,,,,,,,
,131.369,14.133576,,,,,,
,131.39,,,,,,,
,131.521,13.9677648,,,,,,
,131.631,,,,,,,
,131.674,13.804392,,,,,,
,131.75,,,,,,,
,131.826,13.6983216,,,,,,
,131.899,,,,,,,
,131.978,88.44534,,,,,,
,132.067,,,,,,,
,132.131,90.5646144,,,,,,
,132.21,,,,,,,
,132.283,93.1980864,,,,,,
,132.372,,,,,,,
,132.436,95.9507352,,,,,,
,132.551,,,,,,,
,132.588,98.9039424,,,,,,
,132.698,,,,,,,
,132.74,101.9988816,,,,,,
,132.859,,,,,,,
,132.893,105.6199056,,,,,,
,133.039,,,,,,,
,133.045,109.7618328,,,,,,
,133.182,,,,,,,
,133.198,114.2469648,,,,,,
,133.347,,,,,,,
,133.35,115.272312,,,,,,
,133.502,116.139468,,,,,,
,133.524,,,,,,,
,133.655,116.6375112,,,,,,
,133.67,,,,,,,
,133.807,116.6859744,,,,,,
,133.832,,,,,,,
,133.96,116.6542752,,,,,,
,134.011,,,,,,,
,134.112,100.9622568,,,,,,
,134.2,,,,,,,
,134.264,94.5102504,,,,,,
,134.274,,,,,,,
,134.417,77.0592312,,,,,,
,134.463,,,,,,,
,134.569,72.4213944,,,,,,
,134.627,,,,,,,
,134.722,68.3340264,,,,,,
,134.801,,,,,,,
,134.874,55.9283616,,,,,,
,134.904,,,,,,,
,135.026,53.4975816,,,,,,
,135.072,,,,,,,
,135.179,48.6466896,,,,,,
,135.194,,,,,,,
,135.331,43.8171336,,,,,,
,135.349,,,,,,,
,135.484,41.1851856,,,,,,
,135.542,,,,,,,
,135.636,41.5232088,,,,,,
,135.67,,,,,,,
,135.788,31.2615072,,,,,,
,135.801,,,,,,,
,135.941,29.3619936,,,,,,
,135.968,,,,,,,
,136.093,29.0133024,,,,,,
,136.157,,,,,,,
,136.246,28.4768544,,,,,,
,136.282,,,,,,,
,136.398,29.6506392,,,,,,
,136.438,,,,,,,
,136.55,28.8575496,,,,,,
,136.602,,,,,,,
,136.703,29.696664,,,,,,
,136.712,,,,,,,
,136.855,27.8258016,,,,,,
,136.889,,,,,,,
,137.008,22.1165928,,,,,,
,137.16,22.7871528,,,,,,
,137.172,,,,,,,
,137.312,27.2177256,,,,,,
,137.465,31.6266576,,,,,,
,137.617,33.6800952,,,,,,
,137.77,36.3038136,,,,,,
,137.815,,,,,,,
,137.922,39.1079736,,,,,,
,138.074,43.2538632,,,,,,
,138.227,46.3683096,,,,,,
,138.239,,,,,,,
,138.379,50.6464824,,,,,,
,138.382,,,,,,,
,138.532,101.4471936,,,,,,
,138.647,,,,,,,
,138.684,47.3198952,,,,,,
,138.836,48.164496,,,,,,
,138.839,,,,,,,
,138.989,36.8740944,,,,,,
,139.041,,,,,,,
,139.141,25.7687064,,,,,,
,139.144,,,,,,,
,139.294,21.8364816,,,,,,
,139.446,22.1016576,,,,,,
,139.519,,,,,,,
,139.598,20.8791048,,,,,,
,139.629,,,,,,,
,139.751,19.833336,,,,,,
,139.824,,,,,,,
